ideCadastro,condicao,nome,nomeParlamentar,sexo,uf,partido,dataNascimento,email
0,73701,Titular,BENEDITA SOUZA DA SILVA SAMPAIO,Benedita da Silva ,feminino,RJ,PT,26/04/1942,dep.beneditadasilva@camara.leg.br
1,73696,Titular,ANGELA REGINA HEINZEN AMIN HELOU,Angela Amin ,feminino,SC,PP,20/12/1953,dep.angelaamin@camara.leg.br
2,73801,Titular,RENILDO VASCONCELOS CALHEIROS,Renildo Calheiros ,masculino,PE,PCdoB,20/04/1959,dep.renildocalheiros@camara.leg.br
3,74848,Titular,JANDIRA FEGHALI,Jandira Feghali ,feminino,RJ,PCdoB,17/05/1957,dep.jandirafeghali@camara.leg.br
4,74459,Titular,ÁTILA FREITAS LIRA,Átila Lira ,masculino,PI,PP,07/04/1947,dep.atilalira@camara.leg.br
5,73466,Titular,RUBENS BUENO,Rubens Bueno ,masculino,PR,CIDADANIA,23/05/1948,dep.rubensbueno@camara.leg.br
6,74419,Titular,LUIZ GONZAGA PATRIOTA,Gonzaga Patriota ,masculino,PE,PSB,26/04/1946,dep.gonzagapatriota@camara.leg.br
7,74317,Titular,JÚLIO CÉSAR DE CARVALHO LIMA,Júlio Cesar ,masculino,PI,PSD,25/08/1948,dep.juliocesar@camara.leg.br
8,74075,Titular,ELCIONE THEREZINHA ZAHLUTH BARBALHO,Elcione Barbalho ,feminino,PA,MDB,05/10/1944,dep.elcionebarbalho@camara.leg.br
9,73433,Titular,ARLINDO CHIGNALIA JUNIOR,Arlindo Chinaglia ,masculino,SP,PT,24/12/1949,dep.arlindochinaglia@camara.leg.br
10,73788,Titular,RICARDO JOSÉ MAGALHÃES BARROS,Ricardo Barros ,masculino,PR,PP,15/11/1959,dep.ricardobarros@camara.leg.br
11,73531,Titular,IVAN VALENTE,Ivan Valente ,masculino,SP,PSOL,05/07/1946,dep.ivanvalente@camara.leg.br
12,74749,Titular,MAURO RIBEIRO LOPES,Mauro Lopes ,masculino,MG,PP,24/05/1936,dep.maurolopes@camara.leg.br
13,74299,Titular,JOSÉ LEÔNIDAS DE MENEZES CRISTINO,Leônidas Cristino ,masculino,CE,PDT,03/06/1957,dep.leonidascristino@camara.leg.br
14,74655,Titular,EDUARDO LUIZ BARROS BARBOSA,Eduardo Barbosa ,masculino,MG,PSDB,25/08/1958,dep.eduardobarbosa@camara.leg.br
15,73772,Titular,HERMES PARCIANELLO,Hermes Parcianello ,masculino,PR,MDB,25/04/1958,dep.hermesparcianello@camara.leg.br
16,74079,Titular,JOSÉ BENITO PRIANTE JÚNIOR,José Priante ,masculino,PA,MDB,02/12/1963,dep.josepriante@camara.leg.br
17,74439,Titular,WOLNEY QUEIROZ MACIEL,Wolney Queiroz ,masculino,PE,PDT,12/12/1972,dep.wolneyqueiroz@camara.leg.br
18,73441,Titular,CELSO UBIRAJARA RUSSOMANNO,Celso Russomanno ,masculino,SP,REPUBLICANOS,20/08/1956,dep.celsorussomanno@camara.leg.br
19,74043,Titular,JOSÉ WELLINGTON ROBERTO,Wellington Roberto ,masculino,PB,PL,19/05/1959,dep.wellingtonroberto@camara.leg.br
20,74585,Titular,LINCOLN DINIZ PORTELA,Lincoln Portela ,masculino,MG,PL,03/11/1953,dep.lincolnportela@camara.leg.br
21,74467,Titular,DAMIÃO FELICIANO DA SILVA,Damião Feliciano ,masculino,PB,UNIÃO,28/04/1952,dep.damiaofeliciano@camara.leg.br
22,73460,Titular,GUSTAVO BONATO FRUET,Gustavo Fruet ,masculino,PR,PDT,18/04/1963,dep.gustavofruet@camara.leg.br
23,74471,Titular,ANDRÉ CARLOS ALVES DE PAULA FILHO,André de Paula ,masculino,PE,PSD,22/07/1961,dep.andredepaula@camara.leg.br
24,73486,Titular,DARCI POMPEO DE MATTOS,Pompeo de Mattos ,masculino,RS,PDT,12/07/1958,dep.pompeodemattos@camara.leg.br
25,73482,Titular,HENRIQUE FONTANA JÚNIOR,Henrique Fontana ,masculino,RS,PT,18/01/1960,dep.henriquefontana@camara.leg.br
26,74784,Titular,LUIZA ERUNDINA DE SOUSA,Luiza Erundina ,feminino,SP,PSOL,30/11/1934,dep.luizaerundina@camara.leg.br
27,74352,Titular,NILSON PINTO DE OLIVEIRA,Nilson Pinto ,masculino,PA,PSDB,25/03/1952,dep.nilsonpinto@camara.leg.br
28,73586,Titular,JÚLIO CÉSAR DELGADO,Júlio Delgado ,masculino,MG,PV,18/11/1966,dep.juliodelgado@camara.leg.br
29,73692,Titular,OSMAR GASPARINI TERRA,Osmar Terra ,masculino,RS,MDB,18/02/1950,dep.osmarterra@camara.leg.br
30,74383,Titular,FERNANDO LÚCIO GIACOBO,Giacobo ,masculino,PR,PL,17/12/1970,dep.giacobo@camara.leg.br
31,74400,Titular,PAULO ROBERTO SEVERO PIMENTA,Paulo Pimenta ,masculino,RS,PT,19/03/1965,dep.paulopimenta@camara.leg.br
32,74398,Titular,MARIA DO ROSÁRIO NUNES,Maria do Rosário ,feminino,RS,PT,22/11/1966,dep.mariadorosario@camara.leg.br
33,74399,Titular,ONYX DORNELLES LORENZONI,Onyx Lorenzoni ,masculino,RS,PL,03/10/1954,dep.onyxlorenzoni@camara.leg.br
34,74052,Titular,JOÃO BOSCO DA COSTA,Bosco Costa ,masculino,SE,PL,28/09/1950,dep.boscocosta@camara.leg.br
35,74283,Titular,VICENTE PAULO DA SILVA,Vicentinho ,masculino,SP,PT,08/04/1956,dep.vicentinho@camara.leg.br
36,74270,Titular,GILBERTO NASCIMENTO SILVA,Gilberto Nascimento ,masculino,SP,PSC,09/07/1956,dep.gilbertonascimento@camara.leg.br
37,74273,Titular,JEFFERSON ALVES DE CAMPOS,Jefferson Campos ,masculino,SP,PL,26/10/1964,dep.jeffersoncampos@camara.leg.br
38,74262,Titular,CARLOS HENRIQUE FOCESI SAMPAIO,Carlos Sampaio ,masculino,SP,PSDB,31/03/1963,dep.carlossampaio@camara.leg.br
39,74159,Titular,ODAIR JOSÉ DA CUNHA,Odair Cunha ,masculino,MG,PT,18/06/1976,dep.odaircunha@camara.leg.br
40,74161,Titular,REGINALDO LÁZARO DE OLIVEIRA LOPES,Reginaldo Lopes ,masculino,MG,PT,02/04/1973,dep.reginaldolopes@camara.leg.br
41,74160,Titular,PATRUS ANANIAS DE SOUZA,Patrus Ananias ,masculino,MG,PT,26/01/1952,dep.patrusananias@camara.leg.br
42,74156,Titular,JOSÉ LEONARDO COSTA MONTEIRO,Leonardo Monteiro ,masculino,MG,PT,09/10/1951,dep.leonardomonteiro@camara.leg.br
43,74376,Titular,VANDER LUIZ DOS SANTOS LOUBET,Vander Loubet ,masculino,MS,PT,22/01/1964,dep.vanderloubet@camara.leg.br
44,74044,Titular,JOSÉ WILSON SANTIAGO,Wilson Santiago ,masculino,PB,REPUBLICANOS,10/06/1957,dep.wilsonsantiago@camara.leg.br
45,73943,Titular,MARIA PERPÉTUA DE ALMEIDA,Perpétua Almeida ,feminino,AC,PCdoB,28/12/1964,dep.perpetuaalmeida@camara.leg.br
46,74371,Titular,RUBENS OTONI GOMIDE,Rubens Otoni ,masculino,GO,PT,06/02/1956,dep.rubensotoni@camara.leg.br
47,74366,Titular,JOÃO CAMPOS DE ARAÚJO,João Campos ,masculino,GO,REPUBLICANOS,28/12/1962,dep.joaocampos@camara.leg.br
48,74158,Titular,MÁRIO LÚCIO HERINGER,Mário Heringer ,masculino,MG,PDT,30/09/1954,dep.marioheringer@camara.leg.br
49,133439,Titular,ANDRÉ PEIXOTO FIGUEIREDO LIMA,André Figueiredo ,masculino,CE,PDT,10/11/1966,dep.andrefigueiredo@camara.leg.br
50,136811,Titular,JOSÉ ALFONSO EBERT HAMM,Afonso Hamm ,masculino,RS,PP,25/04/1962,dep.afonsohamm@camara.leg.br
51,141335,Titular,JOSÉ ROBERTO OLIVEIRA FARO,Beto Faro ,masculino,PA,PT,20/06/1969,dep.betofaro@camara.leg.br
52,141391,Titular,ARNALDO CALIL PEREIRA JARDIM,Arnaldo Jardim ,masculino,SP,CIDADANIA,08/05/1955,dep.arnaldojardim@camara.leg.br
53,141513,Titular,OLAVO BILAC PINTO NETO,Bilac Pinto ,masculino,MG,UNIÃO,08/06/1963,dep.bilacpinto@camara.leg.br
54,141405,Titular,CELSO MALDANER,Celso Maldaner ,masculino,SC,MDB,30/08/1953,dep.celsomaldaner@camara.leg.br
55,141439,Titular,FRANCISCO JOSÉ D'ANGELO PINTO,Chico D'Angelo ,masculino,RJ,PDT,11/02/1953,dep.chicodangelo@camara.leg.br
56,141411,Titular,DAGOBERTO NOGUEIRA FILHO,Dagoberto Nogueira ,masculino,MS,PSDB,21/07/1955,dep.dagobertonogueira@camara.leg.br
57,141417,Titular,ÉDIO VIEIRA LOPES,Edio Lopes ,masculino,RR,PL,04/01/1952,dep.ediolopes@camara.leg.br
58,141421,Titular,EDUARDO HENRIQUE DA FONTE DE ALBUQUERQUE SILVA,Eduardo da Fonte ,masculino,PE,PP,17/10/1972,dep.eduardodafonte@camara.leg.br
59,141422,Titular,EFRAIM DE ARAÚJO MORAIS FILHO,Efraim Filho ,masculino,PB,UNIÃO,18/03/1979,dep.efraimfilho@camara.leg.br
60,141427,Titular,FÁBIO AUGUSTO RAMALHO DOS SANTOS,Fábio Ramalho ,masculino,MG,MDB,22/12/1961,dep.fabioramalho@camara.leg.br
61,141431,Titular,FERNANDO BEZERRA DE SOUZA COELHO FILHO,Fernando Coelho Filho ,masculino,PE,UNIÃO,28/02/1984,dep.fernandocoelhofilho@camara.leg.br
62,141434,Titular,FLAVIANO FLÁVIO BAPTISTA DE MELO,Flaviano Melo ,masculino,AC,MDB,17/11/1949,dep.flavianomelo@camara.leg.br
63,141450,Titular,HUGO LEAL MELO DA SILVA,Hugo Leal ,masculino,RJ,PSD,06/08/1962,dep.hugoleal@camara.leg.br
64,141459,Titular,JOÃO DA SILVA MAIA,João Maia ,masculino,RN,PL,20/09/1953,dep.joaomaia@camara.leg.br
65,141464,Titular,JOSÉ AIRTON FÉLIX CIRILO DA SILVA,José Airton Félix Cirilo ,masculino,CE,PT,21/02/1957,dep.joseairtonfelixcirilo@camara.leg.br
66,141470,Titular,JOSÉ NOBRE GUIMARÃES,José Guimarães ,masculino,CE,PT,13/02/1957,dep.joseguimaraes@camara.leg.br
67,141508,Titular,MAURO NAZIF RASUL,Mauro Nazif ,masculino,RO,PSB,30/01/1959,dep.mauronazif@camara.leg.br
68,141518,Titular,PAULO PEREIRA DA SILVA,Paulinho da Força,masculino,SP,SOLIDARIEDADE,24/02/1956,dep.paulinhodaforca@camara.leg.br
69,141516,Titular,PAULO ABI-ACKEL,Paulo Abi-Ackel,masculino,MG,PSDB,21/06/1963,dep.pauloabiackel@camara.leg.br
70,141488,Titular,LUIZ PAULO TEIXEIRA FERREIRA,Paulo Teixeira ,masculino,SP,PT,06/05/1961,dep.pauloteixeira@camara.leg.br
71,141523,Titular,RAUL JEAN LOUIS HENRY JÚNIOR,Raul Henry ,masculino,PE,MDB,06/06/1964,dep.raulhenry@camara.leg.br
72,141531,Titular,RODRIGO BATISTA DE CASTRO,Rodrigo de Castro ,masculino,MG,UNIÃO,15/07/1971,dep.rodrigodecastro@camara.leg.br
73,141553,Titular,VANDERLEI MACRIS,Vanderlei Macris ,masculino,SP,PSDB,20/05/1950,dep.vanderleimacris@camara.leg.br
74,141555,Titular,VINICIUS RAPOZO DE CARVALHO,Vinicius Carvalho ,masculino,SP,REPUBLICANOS,07/01/1966,dep.viniciuscarvalho@camara.leg.br
75,141398,Titular,CARLOS ALBERTO ROLIM ZARATTINI,Carlos Zarattini ,masculino,SP,PT,08/06/1959,dep.carloszarattini@camara.leg.br
76,146307,Titular,NERI GELLER,Neri Geller ,masculino,MT,PP,07/11/1968,dep.nerigeller@camara.leg.br
77,151208,Titular,LAERCIO JOSÉ DE OLIVEIRA,Laercio Oliveira ,masculino,SE,PP,15/04/1959,dep.laerciooliveira@camara.leg.br
78,152610,Titular,BENEDITO ROBERTO ALVES FERREIRA,Roberto Alves ,masculino,SP,REPUBLICANOS,27/05/1960,dep.robertoalves@camara.leg.br
79,152605,Titular,GLAUBER DE MEDEIROS BRAGA,Glauber Braga ,masculino,RJ,PSOL,26/06/1982,dep.glauberbraga@camara.leg.br
80,154178,Titular,MILTON VIEIRA PINTO,Milton Vieira ,masculino,SP,REPUBLICANOS,16/09/1962,dep.miltonvieira@camara.leg.br
81,160541,Titular,ARTHUR CÉSAR PEREIRA DE LIRA,Arthur Lira ,masculino,AL,PP,25/06/1969,dep.arthurlira@camara.leg.br
82,160641,Titular,MARCIVANIA DO SOCORRO DA ROCHA FLEXA,Professora Marcivania ,feminino,AP,PCdoB,21/06/1973,dep.professoramarcivania@camara.leg.br
83,160591,Titular,VINICIUS DE AZEVEDO GURGEL,Vinicius Gurgel ,masculino,AP,PL,31/07/1978,dep.viniciusgurgel@camara.leg.br
84,160645,Titular,LUIZ CARLOS GOMES DOS SANTOS JUNIOR,Luiz Carlos ,masculino,AP,PSDB,16/08/1979,dep.luizcarlos@camara.leg.br
85,160669,Titular,GENECIAS MATEUS NORONHA,Genecias Noronha ,masculino,CE,PL,13/03/1963,dep.geneciasnoronha@camara.leg.br
86,143632,Titular,DOMINGOS GOMES DE AGUIAR NETO,Domingos Neto ,masculino,CE,PSD,29/04/1988,dep.domingosneto@camara.leg.br
87,160575,Titular,ÉRIKA JUCÁ KOKAY,Erika Kokay ,feminino,DF,PT,15/08/1957,dep.erikakokay@camara.leg.br
88,160534,Titular,LAURIETE RODRIGUES DE JESUS,Lauriete ,feminino,ES,PSC,23/02/1970,dep.lauriete@camara.leg.br
89,160517,Titular,PAULO ROBERTO FOLETTO,Paulo Foletto ,masculino,ES,PSB,30/04/1956,dep.paulofoletto@camara.leg.br
90,160598,Titular,FLÁVIA CARREIRO ALBUQUERQUE MORAIS,Flávia Morais ,feminino,GO,PDT,26/04/1969,dep.flaviamorais@camara.leg.br
91,160599,Titular,DIMAS FABIANO TOLEDO JÚNIOR,Dimas Fabiano ,masculino,MG,PP,23/05/1973,dep.dimasfabiano@camara.leg.br
92,160632,Titular,JOSÉ SILVA SOARES,Zé Silva ,masculino,MG,SOLIDARIEDADE,11/05/1963,dep.zesilva@camara.leg.br
93,160556,Titular,JOÃO CARLOS SIQUEIRA,Padre João ,masculino,MG,PT,28/02/1967,dep.padrejoao@camara.leg.br
94,160518,Titular,WELITON FERNANDES PRADO,Weliton Prado ,masculino,MG,PROS,24/08/1975,dep.welitonprado@camara.leg.br
95,160640,Titular,EROS FERREIRA BIONDINI,Eros Biondini ,masculino,MG,PL,20/05/1971,dep.erosbiondini@camara.leg.br
96,160588,Titular,DIEGO LEONARDO DE ANDRADE CARVALHO,Diego Andrade ,masculino,MG,PSD,08/08/1977,dep.diegoandrade@camara.leg.br
97,160758,Titular,DOMINGOS SÁVIO CAMPOS RESENDE,Domingos Sávio ,masculino,MG,PL,25/03/1957,dep.domingossavio@camara.leg.br
98,160510,Titular,LUIS HENRIQUE DE OLIVEIRA RESENDE,Luis Tibé ,masculino,MG,AVANTE,23/07/1971,dep.luistibe@camara.leg.br
99,160587,Titular,FÁBIO RICARDO TRAD,Fábio Trad ,masculino,MS,PSD,18/08/1969,dep.fabiotrad@camara.leg.br
100,160527,Titular,AGUINALDO VELLOSO BORGES RIBEIRO,Aguinaldo Ribeiro ,masculino,PB,PP,13/02/1969,dep.aguinaldoribeiro@camara.leg.br
101,160674,Titular,HUGO MOTTA WANDERLEY DA NÓBREGA,Hugo Motta ,masculino,PB,REPUBLICANOS,11/09/1989,dep.hugomotta@camara.leg.br
102,160635,Titular,RUY MANUEL CARNEIRO BARBOSA DE ACA BELCHIOR,Ruy Carneiro ,masculino,PB,PSC,17/08/1970,dep.ruycarneiro@camara.leg.br
103,160665,Titular,AUGUSTO RODRIGUES COUTINHO DE MELO,Augusto Coutinho ,masculino,PE,REPUBLICANOS,22/10/1962,dep.augustocoutinho@camara.leg.br
104,160528,Titular,DANILO JORGE DE BARROS CABRAL,Danilo Cabral ,masculino,PE,PSB,21/04/1967,dep.danilocabral@camara.leg.br
105,160642,Titular,FRANCISCO EURICO DA SILVA,Pastor Eurico ,masculino,PE,PL,12/09/1962,dep.pastoreurico@camara.leg.br
106,160592,Titular,JOSÉ CARLOS BECKER DE OLIVEIRA E SILVA,Zeca Dirceu ,masculino,PR,PT,21/06/1978,dep.zecadirceu@camara.leg.br
107,160621,Titular,SANDRO ALEX CRUZ DE OLIVEIRA,Sandro Alex ,masculino,PR,PSD,25/11/1972,dep.sandroalex@camara.leg.br
108,160511,Titular,ALESSANDRO LUCCIOLA MOLON,Alessandro Molon ,masculino,RJ,PSB,28/10/1971,dep.alessandromolon@camara.leg.br
109,122158,Titular,PEDRO PAULO CARVALHO TEIXEIRA,Pedro Paulo ,masculino,RJ,PSD,29/06/1972,dep.pedropaulo@camara.leg.br
110,160512,Titular,AUREO LIDIO MOREIRA RIBEIRO,Aureo Ribeiro ,masculino,RJ,SOLIDARIEDADE,17/02/1979,dep.aureoribeiro@camara.leg.br
111,160531,Titular,JOHNATHAN PEREIRA DE JESUS,Jhonatan de Jesus ,masculino,RR,REPUBLICANOS,03/09/1983,dep.jhonatandejesus@camara.leg.br
112,160570,Titular,JERÔNIMO PIZZOLOTTO GOERGEN,Jerônimo Goergen ,masculino,RS,PP,20/01/1976,dep.jeronimogoergen@camara.leg.br
113,160673,Titular,GIOVANI CHERINI,Giovani Cherini ,masculino,RS,PL,23/06/1960,dep.giovanicherini@camara.leg.br
114,160538,Titular,ELVINO JOSÉ BOHN GASS,Bohn Gass ,masculino,RS,PT,05/02/1962,dep.bohngass@camara.leg.br
115,160535,Titular,DIONILSO MATEUS MARCON,Marcon ,masculino,RS,PT,21/09/1964,dep.marcon@camara.leg.br
116,160552,Titular,DANRLEI DE DEUS HINTERHOLZ,Danrlei de Deus Hinterholz ,masculino,RS,PSD,18/04/1973,dep.danrleidedeushinterholz@camara.leg.br
117,160559,Titular,ALCEU MOREIRA DA SILVA,Alceu Moreira ,masculino,RS,MDB,04/06/1954,dep.alceumoreira@camara.leg.br
118,160604,Titular,PEDRO FRANCISCO UCZAI,Pedro Uczai ,masculino,SC,PT,10/03/1963,dep.pedrouczai@camara.leg.br
119,160651,Titular,ROGÉRIO MENDONÇA,Rogério Peninha Mendonça ,masculino,SC,MDB,27/01/1953,dep.rogeriopeninhamendonca@camara.leg.br
120,160601,Titular,MARCO ANTÔNIO FELICIANO,Pr. Marco Feliciano ,masculino,SP,PL,12/10/1972,dep.pr.marcofeliciano@camara.leg.br
121,160976,Titular,FRANCISCO EVERARDO TIRIRICA OLIVEIRA SILVA,Tiririca ,masculino,SP,PL,01/05/1965,dep.tiririca@camara.leg.br
122,160558,Titular,PAULO ROBERTO FREIRE DA COSTA,Paulo Freire Costa ,masculino,SP,PL,14/02/1955,dep.paulofreirecosta@camara.leg.br
123,160545,Titular,ALEXANDRE LEITE DA SILVA,Alexandre Leite ,masculino,SP,UNIÃO,18/04/1989,dep.alexandreleite@camara.leg.br
124,160532,Titular,ADRIANO ELI CORRÊA,Eli Corrêa Filho ,masculino,SP,UNIÃO,13/01/1976,dep.elicorreafilho@camara.leg.br
125,160667,Titular,GUILHERME MUSSI FERREIRA,Guilherme Mussi ,masculino,SP,PP,14/10/1982,dep.guilhermemussi@camara.leg.br
126,160653,Titular,ROBERTO ALVES DE LUCENA,Roberto de Lucena ,masculino,SP,REPUBLICANOS,18/04/1966,dep.robertodelucena@camara.leg.br
127,160655,Titular,RICARDO IZAR JUNIOR,Ricardo Izar ,masculino,SP,REPUBLICANOS,01/08/1968,dep.ricardoizar@camara.leg.br
128,160639,Titular,MARIA AUXILIADORA SEABRA REZENDE,Professora Dorinha Seabra Rezende,feminino,TO,UNIÃO,01/10/1964,dep.professoradorinhaseabrarezende@camara.leg.br
129,162332,Titular,LUIZ HILOSHI NISHIMORI,Luiz Nishimori ,masculino,PR,PSD,09/04/1949,dep.luiznishimori@camara.leg.br
130,75431,Titular,MAURÍCIO ALEXANDRE DZIEDRICKI,Maurício Dziedricki ,masculino,RS,PODE,26/07/1979,dep.mauriciodziedricki@camara.leg.br
131,92776,Titular,STEFANO AGUIAR DOS SANTOS,Stefano Aguiar ,masculino,MG,PSD,03/03/1976,dep.stefanoaguiar@camara.leg.br
132,164359,Titular,WALDIR SOARES DE OLIVEIRA,Delegado Waldir ,masculino,GO,UNIÃO,28/11/1962,dep.delegadowaldir@camara.leg.br
133,164360,Titular,CARMEN EMÍLIA BONFÁ ZANOTTO,Carmen Zanotto ,feminino,SC,CIDADANIA,06/10/1962,dep.carmenzanotto@camara.leg.br
134,166402,Titular,MAGDA MOFATTO HON,Magda Mofatto ,feminino,GO,PL,26/10/1948,dep.magdamofatto@camara.leg.br
135,171617,Titular,PAULO FERNANDO DOS SANTOS,Paulão ,masculino,AL,PT,15/09/1957,dep.paulao@camara.leg.br
136,171623,Titular,FABIO DE ALMEIDA REIS,Fabio Reis ,masculino,SE,PSD,15/04/1977,dep.fabioreis@camara.leg.br
137,177282,Titular,LUIZ GONZAGA RIBEIRO,Subtenente Gonzaga ,masculino,MG,PSD,31/05/1962,dep.subtenentegonzaga@camara.leg.br
138,204422,Titular,OSSESIO JOSE DA SILVA,Ossesio Silva ,masculino,PE,REPUBLICANOS,09/12/1954,dep.ossesiosilva@camara.leg.br
139,204384,Titular,NEY LEPREVOST NETO,Ney Leprevost ,masculino,PR,UNIÃO,26/10/1973,dep.neyleprevost@camara.leg.br
140,204480,Titular,ROGÉRIO CORREIA DE MOURA BAPTISTA,Rogério Correia ,masculino,MG,PT,11/01/1958,dep.rogeriocorreia@camara.leg.br
141,178829,Titular,JOSE AUGUSTO ROSA,Capitão Augusto ,masculino,SP,PL,04/10/1966,dep.capitaoaugusto@camara.leg.br
142,178831,Titular,ANDRE DOS SANTOS ABDON,André Abdon ,masculino,AP,PP,10/11/1970,dep.andreabdon@camara.leg.br
143,178832,Titular,LEANDRE DAL PONTE,Leandre ,feminino,PR,PSD,20/12/1975,dep.leandre@camara.leg.br
144,204433,Titular,MARCELO CALERO FARIA GARCIA,Marcelo Calero ,masculino,RJ,PSD,07/07/1982,dep.marcelocalero@camara.leg.br
145,178835,Titular,AFONSO ANTUNES DA MOTTA,Afonso Motta ,masculino,RS,PDT,08/01/1950,dep.afonsomotta@camara.leg.br
146,74646,Titular,AÉCIO NEVES DA CUNHA,Aécio Neves ,masculino,MG,PSDB,10/03/1960,dep.aecioneves@camara.leg.br
147,133968,Titular,Paulo Sérgio Ramos Barboza,Paulo Ramos ,masculino,RJ,PDT,18/10/1944,dep.pauloramos@camara.leg.br
148,74478,Titular,LUCIANO CALDAS BIVAR,Luciano Bivar ,masculino,PE,UNIÃO,29/11/1944,dep.lucianobivar@camara.leg.br
149,73604,Titular,RUI GOETHE DA COSTA FALCÃO,Rui Falcão ,masculino,SP,PT,26/11/1943,dep.ruifalcao@camara.leg.br
150,178836,Titular,ALAN RICK MIRANDA,Alan Rick ,masculino,AC,UNIÃO,23/10/1976,dep.alanrick@camara.leg.br
151,178839,Titular,JESSICA ROJAS SALES,Jéssica Sales ,feminino,AC,MDB,28/11/1980,dep.jessicasales@camara.leg.br
152,178843,Titular,MARX BELTRÃO LIMA SIQUEIRA,Marx Beltrão ,masculino,AL,PP,28/11/1979,dep.marxbeltrao@camara.leg.br
153,178866,Titular,LUIZIANNE DE OLIVEIRA LINS,Luizianne Lins ,feminino,CE,PT,18/11/1968,dep.luiziannelins@camara.leg.br
154,178871,Titular,EVAIR VIEIRA DE MELO,Evair Vieira de Melo ,masculino,ES,PP,02/04/1972,dep.evairvieirademelo@camara.leg.br
155,178873,Titular,HELDER IGNACIO SALOMAO,Helder Salomão ,masculino,ES,PT,08/03/1964,dep.heldersalomao@camara.leg.br
156,178876,Titular,CELIO ANTONIO DA SILVEIRA,Célio Silveira ,masculino,GO,MDB,19/09/1959,dep.celiosilveira@camara.leg.br
157,178879,Titular,LUCAS DE CASTRO SANTOS,Lucas Vergilio ,masculino,GO,SOLIDARIEDADE,08/04/1987,dep.lucasvergilio@camara.leg.br
158,178895,Titular,MISAEL ARTUR FERREIRA VARELLA,Misael Varella ,masculino,MG,PSD,27/11/1959,dep.misaelvarella@camara.leg.br
159,178896,Titular,NEWTON CARDOSO JUNIOR,Newton Cardoso Jr ,masculino,MG,MDB,11/11/1979,dep.newtoncardosojr@camara.leg.br
160,178901,Titular,TEREZA CRISTINA CORREA DA COSTA DIAS,Tereza Cristina ,feminino,MS,PP,06/07/1954,dep.terezacristina@camara.leg.br
161,178908,Titular,EDER MAURO CARDOSO BARRA,Delegado Éder Mauro ,masculino,PA,PL,14/12/1960,dep.delegadoedermauro@camara.leg.br
162,178909,Titular,HELIO LEITE DA SILVA,Hélio Leite ,masculino,PA,UNIÃO,09/12/1957,dep.helioleite@camara.leg.br
163,178910,Titular,JOAQUIM PASSARINHO PINTO DE SOUZA PORTO,Joaquim Passarinho ,masculino,PA,PL,02/12/1961,dep.joaquimpassarinho@camara.leg.br
164,178916,Titular,DANIEL PIRES COELHO,Daniel Coelho ,masculino,PE,CIDADANIA,04/11/1978,dep.danielcoelho@camara.leg.br
165,72442,Titular,FELIPE AUGUSTO LYRA CARRERAS,Felipe Carreras ,masculino,PE,PSB,16/04/1975,dep.felipecarreras@camara.leg.br
166,178920,Titular,RICARDO TEOBALDO CAVALCANTI,Ricardo Teobaldo ,masculino,PE,PODE,18/10/1965,dep.ricardoteobaldo@camara.leg.br
167,178921,Titular,SEBASTIAO IGNACIO DE OLIVEIRA JUNIOR,Sebastião Oliveira ,masculino,PE,AVANTE,31/08/1968,dep.sebastiaooliveira@camara.leg.br
168,178922,Titular,FRANCISCO TADEU BARBOSA DE ALENCAR,Tadeu Alencar ,masculino,PE,PSB,08/04/1963,dep.tadeualencar@camara.leg.br
169,178924,Titular,FABIO ABREU COSTA,Capitão Fábio Abreu ,masculino,PI,PSD,31/12/1972,dep.capitaofabioabreu@camara.leg.br
170,178925,Titular,REJANE RIBEIRO SOUSA DIAS,Rejane Dias ,feminino,PI,PT,04/09/1972,dep.rejanedias@camara.leg.br
171,178927,Titular,ALIEL MACHADO BARK,Aliel Machado ,masculino,PR,PV,26/02/1989,dep.alielmachado@camara.leg.br
172,178928,Titular,CHRISTIANE DE SOUZA YARED,Christiane de Souza Yared ,feminino,PR,PP,23/02/1960,dep.christianedesouzayared@camara.leg.br
173,178929,Titular,DIEGO ALEXSANDER GONCALO PAULA GARCIA,Diego Garcia ,masculino,PR,REPUBLICANOS,10/10/1984,dep.diegogarcia@camara.leg.br
174,132504,Titular,ENIO JOSÉ VERRI,Enio Verri ,masculino,PR,PT,27/03/1961,dep.enioverri@camara.leg.br
175,178931,Titular,LUCIANO DUCCI,Luciano Ducci ,masculino,PR,PSB,23/03/1955,dep.lucianoducci@camara.leg.br
176,178933,Titular,SERGIO DE SOUZA,Sergio Souza ,masculino,PR,MDB,13/03/1971,dep.sergiosouza@camara.leg.br
177,178934,Titular,ANTONIO WANDSCHEER,Toninho Wandscheer ,masculino,PR,PROS,31/08/1950,dep.toninhowandscheer@camara.leg.br
178,178937,Titular,ALTINEU CÔRTES FREITAS COUTINHO,Altineu Côrtes ,masculino,RJ,PL,13/09/1968,dep.altineucortes@camara.leg.br
179,178939,Titular,CLARISSA BARROS ASSED MATHEUS DE OLIVEIRA,Clarissa Garotinho ,feminino,RJ,UNIÃO,02/07/1982,dep.clarissagarotinho@camara.leg.br
180,178945,Titular,ROSANGELA DE SOUZA GOMES,Rosangela Gomes ,feminino,RJ,REPUBLICANOS,27/12/1966,dep.rosangelagomes@camara.leg.br
181,178946,Titular,SORAYA ALENCAR DOS SANTOS,Soraya Santos ,feminino,RJ,PL,04/12/1958,dep.sorayasantos@camara.leg.br
182,178947,Titular,SOSTENES SILVA CAVALCANTE,Sóstenes Cavalcante ,masculino,RJ,PL,16/01/1975,dep.sostenescavalcante@camara.leg.br
183,178951,Titular,RAFAEL HUETE DA MOTTA,Rafael Motta ,masculino,RN,PSB,15/08/1986,dep.rafaelmotta@camara.leg.br
184,178952,Titular,WALTER PEREIRA ALVES,Walter Alves ,masculino,RN,MDB,27/02/1980,dep.walteralves@camara.leg.br
185,178953,Titular,EXPEDITO GONCALVES FERREIRA NETTO,Expedito Netto ,masculino,RO,PSD,05/10/1988,dep.expeditonetto@camara.leg.br
186,178954,Titular,LUCIO ANTONIO MOSQUINI,Lucio Mosquini ,masculino,RO,MDB,23/07/1969,dep.luciomosquini@camara.leg.br
187,178956,Titular,MARIANA FONSECA RIBEIRO CARVALHO DE MORAES,Mariana Carvalho ,feminino,RO,REPUBLICANOS,26/11/1986,dep.marianacarvalho@camara.leg.br
188,178959,Titular,HIRAN MANUEL GONCALVES DA SILVA,Hiran Gonçalves ,masculino,RR,PP,19/06/1957,dep.hirangoncalves@camara.leg.br
189,178961,Titular,SHÉRIDAN ESTÉRFANY OLIVEIRA,Shéridan ,feminino,RR,PSDB,11/04/1984,dep.sheridan@camara.leg.br
190,178962,Titular,ANTONIO CARLOS GOMES DA SILVA,Carlos Gomes ,masculino,RS,REPUBLICANOS,13/06/1972,dep.carlosgomes@camara.leg.br
191,178963,Titular,LUIS ANTONIO FRANCISCATTO COVATTI,Covatti Filho ,masculino,RS,PP,25/07/1987,dep.covattifilho@camara.leg.br
192,178964,Titular,HEITOR JOSE SCHUCH,Heitor Schuch ,masculino,RS,PSB,25/03/1962,dep.heitorschuch@camara.leg.br
193,178966,Titular,Geovânia de Sá,Geovania de Sá ,feminino,SC,PSDB,30/03/1972,dep.geovaniadesa@camara.leg.br
194,178969,Titular,FABIO CRUZ MITIDIERI,Fábio Mitidieri ,masculino,SE,PSD,24/02/1977,dep.fabiomitidieri@camara.leg.br
195,178970,Titular,JOAO SOMARIVA DANIEL,João Daniel ,masculino,SE,PT,22/08/1967,dep.joaodaniel@camara.leg.br
196,178972,Titular,ALEX SPINELLI MANENTE,Alex Manente ,masculino,SP,CIDADANIA,22/08/1979,dep.alexmanente@camara.leg.br
197,178975,Titular,LUIZ FELIPE BALEIA TENUTO ROSSI,Baleia Rossi ,masculino,SP,MDB,09/06/1972,dep.baleiarossi@camara.leg.br
198,92346,Titular,EDUARDO NANTES BOLSONARO,Eduardo Bolsonaro ,masculino,SP,PL,10/07/1984,dep.eduardobolsonaro@camara.leg.br
199,178977,Titular,EDUARDO PEDROSA CURY,Eduardo Cury ,masculino,SP,PSDB,19/09/1963,dep.eduardocury@camara.leg.br
200,66828,Titular,FAUSTO RUY PINATO,Fausto Pinato ,masculino,SP,PP,01/06/1977,dep.faustopinato@camara.leg.br
201,178981,Titular,HERCULANO CASTILHO PASSOS JUNIOR,Herculano Passos ,masculino,SP,REPUBLICANOS,04/08/1956,dep.herculanopassos@camara.leg.br
202,178983,Titular,MARCIO LUIZ ALVINO DE SOUZA,Marcio Alvino ,masculino,SP,PL,14/06/1969,dep.marcioalvino@camara.leg.br
203,178985,Titular,MIGUEL LOMBARDI,Miguel Lombardi ,masculino,SP,PL,29/01/1964,dep.miguellombardi@camara.leg.br
204,178986,Titular,NILTO IGNACIO TATTO,Nilto Tatto ,masculino,SP,PT,31/07/1963,dep.niltotatto@camara.leg.br
205,178987,Titular,ORLANDO SILVA DE JESUS JUNIOR,Orlando Silva ,masculino,SP,PCdoB,27/05/1971,dep.orlandosilva@camara.leg.br
206,178989,Titular,RENATA HELLMEISTER DE ABREU,Renata Abreu ,feminino,SP,PODE,15/04/1982,dep.renataabreu@camara.leg.br
207,178990,Titular,SAMUEL MOREIRA DA SILVA JUNIOR,Samuel Moreira ,masculino,SP,PSDB,09/02/1963,dep.samuelmoreira@camara.leg.br
208,178992,Titular,VITOR LIPPI,Vitor Lippi ,masculino,SP,PSDB,18/05/1959,dep.vitorlippi@camara.leg.br
209,178993,Titular,CARLOS HENRIQUE AMORIM,Carlos Henrique Gaguim ,masculino,TO,UNIÃO,21/04/1961,dep.carloshenriquegaguim@camara.leg.br
210,178994,Titular,DULCE FERREIRA PAGANI MIRANDA,Dulce Miranda ,feminino,TO,MDB,15/12/1963,dep.dulcemiranda@camara.leg.br
211,137070,Titular,VICENTE ALVES DE OLIVEIRA JUNIOR,Vicentinho Júnior ,masculino,TO,PP,11/04/1985,dep.vicentinhojunior@camara.leg.br
212,178996,Titular,GIOVANI BATISTA FELTES,Giovani Feltes ,masculino,RS,MDB,10/04/1957,dep.giovanifeltes@camara.leg.br
213,178997,Titular,MOSES HAENDEL MELO RODRIGUES,Moses Rodrigues ,masculino,CE,UNIÃO,06/06/1978,dep.mosesrodrigues@camara.leg.br
214,179000,Titular,MARCELO HENRIQUE TEIXEIRA DIAS,Marcelo Álvaro Antônio ,masculino,MG,PL,16/02/1974,dep.marceloalvaroantonio@camara.leg.br
215,146788,Titular,MARCELO GUILHERME DE ARO FERREIRA,Marcelo Aro ,masculino,MG,PP,12/06/1987,dep.marceloaro@camara.leg.br
216,179001,Titular,MARCIO DELLA VALLE BIOLCHI,Márcio Biolchi ,masculino,RS,MDB,23/05/1979,dep.marciobiolchi@camara.leg.br
217,204434,Titular,VANDA DENIR MILANI NOGUEIRA,Dra. Vanda Milani ,feminino,AC,PROS,17/09/1953,dep.dra.vandamilani@camara.leg.br
218,194260,Titular,NIVALDO FERREIRA DE ALBUQUERQUE NETO,Nivaldo Albuquerque ,masculino,AL,REPUBLICANOS,07/01/1988,dep.nivaldoalbuquerque@camara.leg.br
219,195866,Titular,FRANCISCO VAIDON OLIVEIRA,Vaidon Oliveira ,masculino,CE,UNIÃO,02/04/1975,dep.vaidonoliveira@camara.leg.br
220,204481,Titular,JAZIEL PEREIRA DE SOUSA,Dr. Jaziel ,masculino,CE,PL,03/05/1961,dep.dr.jaziel@camara.leg.br
221,66179,Titular,NORMA AYUB ALVES,Norma Ayub ,feminino,ES,PP,07/09/1959,dep.normaayub@camara.leg.br
222,204386,Titular,JOSE MARIO SCHREINER,Jose Mario Schreiner ,masculino,GO,MDB,08/02/1961,dep.josemarioschreiner@camara.leg.br
223,204351,Titular,LUIZ ALBERTO OVANDO,Dr. Luiz Ovando ,masculino,MS,PP,25/09/1949,dep.dr.luizovando@camara.leg.br
224,204482,Titular,EUCLYDES MARCOS PETTERSEN NETO,Euclydes Pettersen ,masculino,MG,PSC,15/08/1984,dep.euclydespettersen@camara.leg.br
225,204483,Titular,VILSON LUIZ DA SILVA,Vilson da Fetaemg ,masculino,MG,PSB,01/05/1957,dep.vilsondafetaemg@camara.leg.br
226,193726,Titular,PAULO EDUARDO LIMA MARTINS,Paulo Eduardo Martins ,masculino,PR,PL,20/04/1981,dep.pauloeduardomartins@camara.leg.br
227,204387,Titular,GILSON CARDOSO FAHUR,Sargento Fahur ,masculino,PR,PSD,06/11/1963,dep.sargentofahur@camara.leg.br
228,92699,Titular,FERNANDO MONTEIRO DE ALBUQUERQUE,Fernando Monteiro ,masculino,PE,PP,17/09/1976,dep.fernandomonteiro@camara.leg.br
229,191923,Titular,FLÁVIO RODRIGUES NOGUEIRA,Flávio Nogueira ,masculino,PI,PT,27/02/1953,dep.flavionogueira@camara.leg.br
230,196358,Titular,LOURIVAL GOMES DE ALMEIDA,Lourival Gomes ,masculino,RJ,PP,22/07/1955,dep.lourivalgomes@camara.leg.br
231,204388,Titular,ALCIBIO MESQUITA BIBO NUNES,Bibo Nunes ,masculino,RS,PL,09/01/1957,dep.bibonunes@camara.leg.br
232,204484,Titular,ROBERTO SEBASTIÃO PETERNELLI JUNIOR,General Peternelli ,masculino,SP,UNIÃO,06/08/1954,dep.generalpeternelli@camara.leg.br
233,204485,Titular,LUIZ CARLOS MOTTA,Luiz Carlos Motta ,masculino,SP,PL,24/04/1959,dep.luizcarlosmotta@camara.leg.br
234,204435,Titular,JESUS SERGIO DE MENEZES,Jesus Sérgio ,masculino,AC,PDT,10/06/1973,dep.jesussergio@camara.leg.br
235,204436,Titular,ISNALDO BULHOES BARROS JUNIOR,Isnaldo Bulhões Jr. ,masculino,AL,MDB,30/10/1976,dep.isnaldobulhoesjr@camara.leg.br
236,204437,Titular,SEVERINO DE LIRA PESSÔA,Severino Pessoa ,masculino,AL,MDB,06/02/1970,dep.severinopessoa@camara.leg.br
237,204438,Titular,SERGIO TOLEDO DE ALBUQUERQUE,Sergio Toledo ,masculino,AL,PV,29/01/1962,dep.sergiotoledo@camara.leg.br
238,204352,Titular,CARLOS CAMILO GÓES CAPIBERIBE,Camilo Capiberibe ,masculino,AP,PSB,23/05/1972,dep.camilocapiberibe@camara.leg.br
239,204353,Titular,ALINE PARANHOS VARONIL GURGEL,Aline Gurgel ,feminino,AP,REPUBLICANOS,25/11/1980,dep.alinegurgel@camara.leg.br
240,204486,Titular,CARLOS MAURO BENEVIDES FILHO,Mauro Benevides Filho ,masculino,CE,PDT,09/03/1959,dep.maurobenevidesfilho@camara.leg.br
241,204488,Titular,CELIO STUDART BARBOSA,Célio Studart ,masculino,CE,PSD,19/06/1987,dep.celiostudart@camara.leg.br
242,204489,Titular,MARCOS ROBERIO RIBEIRO MONTEIRO,Robério Monteiro ,masculino,CE,PDT,15/02/1970,dep.roberiomonteiro@camara.leg.br
243,204354,Titular,FLÁVIA CAROLINA PÉRES,Flávia Arruda ,feminino,DF,PL,21/01/1980,dep.flaviaarruda@camara.leg.br
244,204355,Titular,JOSIAS MARIO DA VITORIA,Da Vitoria ,masculino,ES,PP,02/06/1971,dep.davitoria@camara.leg.br
245,204356,Titular,AMARO ROCHA NASCIMENTO NETO,Amaro Neto ,masculino,ES,REPUBLICANOS,04/12/1976,dep.amaroneto@camara.leg.br
246,204389,Titular,ELIAS VAZ DE ANDRADE,Elias Vaz ,masculino,GO,PSB,04/07/1966,dep.eliasvaz@camara.leg.br
247,204390,Titular,ALCIDES RIBEIRO FILHO,Professor Alcides ,masculino,GO,PL,25/10/1953,dep.professoralcides@camara.leg.br
248,204391,Titular,JOSÉ NELTO LAGARES DAS MERCEZ,José Nelto ,masculino,GO,PP,19/09/1960,dep.josenelto@camara.leg.br
249,204392,Titular,FRANCISCO RODRIGUES VALE JUNIOR,Francisco Jr. ,masculino,GO,PSD,15/03/1969,dep.franciscojr@camara.leg.br
250,204490,Titular,CHARLLES THOMACELLI EVANGELISTA,Charlles Evangelista ,masculino,MG,PP,27/12/1984,dep.charllesevangelista@camara.leg.br
251,204491,Titular,GILBERTO APARECIDO ABRAMO,Gilberto Abramo ,masculino,MG,REPUBLICANOS,06/08/1966,dep.gilbertoabramo@camara.leg.br
252,204492,Titular,PAULO JOSE CARLOS GUEDES,Paulo Guedes ,masculino,MG,PT,01/10/1970,dep.pauloguedes@camara.leg.br
253,198197,Titular,GREYCE DE QUEIROZ ELIAS,Greyce Elias ,feminino,MG,AVANTE,15/12/1981,dep.greyceelias@camara.leg.br
254,98057,Titular,LAFAYETTE LUIZ DOORGAL DE ANDRADA,Lafayette de Andrada ,masculino,MG,REPUBLICANOS,17/10/1966,dep.lafayettedeandrada@camara.leg.br
255,161550,Titular,EMIDIO ALVES MADEIRA JUNIOR,Emidinho Madeira ,masculino,MG,PL,10/03/1967,dep.emidinhomadeira@camara.leg.br
256,204494,Titular,FREDERICO BORGES DA COSTA,Fred Costa ,masculino,MG,PATRIOTA,12/07/1977,dep.fredcosta@camara.leg.br
257,204357,Titular,ROSIANE MODESTO  DE OLIVEIRA,Rose Modesto ,feminino,MS,PSDB,20/02/1978,dep.rosemodesto@camara.leg.br
258,204358,Titular,HUMBERTO REZENDE PEREIRA,Beto Pereira ,masculino,MS,PSDB,14/11/1977,dep.betopereira@camara.leg.br
259,204439,Titular,LEONARDO RIBEIRO ALBUQUERQUE,Dr. Leonardo ,masculino,MT,REPUBLICANOS,14/06/1978,dep.dr.leonardo@camara.leg.br
260,204495,Titular,AIRTON LUIZ FALEIRO,Airton Faleiro ,masculino,PA,PT,16/03/1959,dep.airtonfaleiro@camara.leg.br
261,204496,Titular,CELSO SABINO DE OLIVEIRA,Celso Sabino ,masculino,PA,UNIÃO,29/08/1978,dep.celsosabino@camara.leg.br
262,204497,Titular,JOÃO FERRARI JÚNIOR,Júnior Ferrari ,masculino,PA,PSD,13/07/1967,dep.juniorferrari@camara.leg.br
263,204498,Titular,OLIVAL HENRIQUE MARQUES DE SOUZA,Olival Marques ,masculino,PA,MDB,09/01/1982,dep.olivalmarques@camara.leg.br
264,204499,Titular,CASSIO COELHO ANDRADE,Cássio Andrade ,masculino,PA,PSB,12/09/1981,dep.cassioandrade@camara.leg.br
265,204500,Titular,JOSE EDUARDO PEREIRA DA COSTA,Eduardo Costa ,masculino,PA,PSD,16/02/1968,dep.eduardocosta@camara.leg.br
266,204393,Titular,ANTONIO RIBEIRO,Frei Anastacio Ribeiro ,masculino,PB,PT,03/03/1944,dep.freianastacioribeiro@camara.leg.br
267,204394,Titular,GERVÁSIO AGRIPINO MAIA,Gervásio Maia ,masculino,PB,PSB,14/04/1975,dep.gervasiomaia@camara.leg.br
268,204423,Titular,ANDRÉ FERREIRA RODRIGUES,André Ferreira ,masculino,PE,PL,10/12/1972,dep.andreferreira@camara.leg.br
269,157130,Titular,TÚLIO GADÊLHA SALES DE MELO,Túlio Gadêlha ,masculino,PE,REDE,12/11/1987,dep.tuliogadelha@camara.leg.br
270,204425,Titular,SILVIO SERAFIM COSTA FILHO,Silvio Costa Filho ,masculino,PE,REPUBLICANOS,05/03/1982,dep.silviocostafilho@camara.leg.br
271,204430,Titular,MARGARETE DE CASTRO COELHO,Margarete Coelho ,feminino,PI,PP,12/03/1961,dep.margaretecoelho@camara.leg.br
272,204431,Titular,MARCOS AURÉLIO  PÁDUA RIBEIRO GONÇALVES DE SAMPAIO,Marcos Aurélio Sampaio ,masculino,PI,PSD,19/09/1991,dep.marcosaureliosampaio@camara.leg.br
273,204395,Titular,PEDRO DEBONI LUPION MELLO,Pedro Lupion ,masculino,PR,PP,04/06/1983,dep.pedrolupion@camara.leg.br
274,204396,Titular,NELSI COGUETTO MARIA,Vermelho ,masculino,PR,PL,01/03/1959,dep.vermelho@camara.leg.br
275,204398,Titular,LUIS FELIPE BONATTO FRANCISCHINI,Felipe Francischini ,masculino,PR,UNIÃO,02/10/1991,dep.felipefrancischini@camara.leg.br
276,204400,Titular,ALINE SLEUTJES,Aline Sleutjes ,feminino,PR,PROS,26/07/1979,dep.alinesleutjes@camara.leg.br
277,107283,Titular,GLEISI HELENA HOFFMANN,Gleisi Hoffmann ,feminino,PR,PT,06/09/1965,dep.gleisihoffmann@camara.leg.br
278,204440,Titular,CHRISTINO AUREO DA SILVA,Christino Aureo ,masculino,RJ,PP,26/04/1962,dep.christinoaureo@camara.leg.br
279,76874,Titular,MARCELO RIBEIRO FREIXO,Marcelo Freixo ,masculino,RJ,PSB,12/04/1967,dep.marcelofreixo@camara.leg.br
280,204441,Titular,OTONI MOURA DE PAULO JUNIOR,Otoni de Paula ,masculino,RJ,MDB,22/11/1976,dep.otonidepaula@camara.leg.br
281,204442,Titular,JOÃO CARLOS SOARES GURGEL,Gurgel ,masculino,RJ,PL,02/12/1980,dep.gurgel@camara.leg.br
282,204444,Titular,HELIO FERNANDO BARBOSA LOPES,Helio Lopes ,masculino,RJ,PL,28/03/1969,dep.heliolopes@camara.leg.br
283,108338,Titular,DIRLAINE JAQUELINE CASSOL,Jaqueline Cassol ,feminino,RO,PP,03/12/1974,dep.jaquelinecassol@camara.leg.br
284,204359,Titular,LEONARDO BARRETO DE MORAES,Léo Moraes ,masculino,RO,PODE,11/01/1984,dep.leomoraes@camara.leg.br
285,204360,Titular,SILVIA CRISTINA AMANCIO CHAGAS,Silvia Cristina ,feminino,RO,PL,15/01/1974,dep.silviacristina@camara.leg.br
286,133810,Titular,MARCELO PIRES MORAES,Marcelo Moraes ,masculino,RS,PL,07/08/1979,dep.marcelomoraes@camara.leg.br
287,204403,Titular,MARLON ARATOR SANTOS DA ROSA,Marlon Santos ,masculino,RS,PL,25/09/1975,dep.marlonsantos@camara.leg.br
288,204404,Titular,LUCAS BELLO REDECKER,Lucas Redecker ,masculino,RS,PSDB,26/05/1981,dep.lucasredecker@camara.leg.br
289,204405,Titular,LIZIANE BAYER DA COSTA,Liziane Bayer ,feminino,RS,REPUBLICANOS,24/01/1981,dep.lizianebayer@camara.leg.br
290,204406,Titular,PEDRO BANDARRA WESTPHALEN,Pedro Westphalen ,masculino,RS,PP,19/12/1950,dep.pedrowestphalen@camara.leg.br
291,156190,Titular,MARCEL VAN HATTEM,Marcel van Hattem,masculino,RS,NOVO,08/11/1985,dep.marcelvanhattem@camara.leg.br
292,204407,Titular,FERNANDA MELCHIONNA E SILVA,Fernanda Melchionna ,feminino,RS,PSOL,02/02/1984,dep.fernandamelchionna@camara.leg.br
293,204361,Titular,CARLOS ALBERTO CHIODINI,Carlos Chiodini ,masculino,SC,MDB,08/03/1982,dep.carloschiodini@camara.leg.br
294,204362,Titular,RICARDO ZANATTA GUIDI,Ricardo Guidi ,masculino,SC,PSD,28/09/1977,dep.ricardoguidi@camara.leg.br
295,116379,Titular,DARCI DE MATOS,Darci de Matos ,masculino,SC,PSD,08/11/1961,dep.darcidematos@camara.leg.br
296,204408,Titular,LUIZ AUGUSTO CARVALHO RIBEIRO FILHO,Gustinho Ribeiro ,masculino,SE,REPUBLICANOS,16/02/1982,dep.gustinhoribeiro@camara.leg.br
297,204501,Titular,ALENCAR SANTANA BRAGA,Alencar Santana,masculino,SP,PT,14/03/1976,dep.alencarsantana@camara.leg.br
298,204502,Titular,NICOLINO BOZZELLA JUNIOR,Bozzella,masculino,SP,UNIÃO,17/08/1980,dep.bozzella@camara.leg.br
299,204503,Titular,ALEXANDRE ROCHA SANTOS PADILHA,Alexandre Padilha ,masculino,SP,PT,14/09/1971,dep.alexandrepadilha@camara.leg.br
300,204504,Titular,ANTONIO CEZAR CORREIA FREIRE,Cezinha de Madureira ,masculino,SP,PSD,12/12/1973,dep.cezinhademadureira@camara.leg.br
301,204363,Titular,OSIRES RODRIGUES DAMASO,Osires Damaso ,masculino,TO,PSC,16/04/1963,dep.osiresdamaso@camara.leg.br
302,204364,Titular,ELI DIAS BORGES,Eli Borges ,masculino,TO,PL,01/09/1960,dep.eliborges@camara.leg.br
303,143084,Titular,Tiago Dimas Braga Pereira,Tiago Dimas ,masculino,TO,PODE,04/08/1988,dep.tiagodimas@camara.leg.br
304,204505,Titular,WAGNER BACH MARTINS,Vavá Martins ,masculino,PA,REPUBLICANOS,03/06/1982,dep.vavamartins@camara.leg.br
305,204446,Titular,JOZIEL FERREIRA CARLOS,Professor Joziel ,masculino,RJ,PATRIOTA,22/04/1966,dep.professorjoziel@camara.leg.br
306,198783,Titular,EMANUEL PINHEIRO DA SILVA PRIMO,Emanuel Pinheiro Neto ,masculino,MT,MDB,05/01/1995,dep.emanuelpinheironeto@camara.leg.br
307,204365,Titular,GILSON MARQUES VIEIRA,Gilson Marques ,masculino,SC,NOVO,12/04/1981,dep.gilsonmarques@camara.leg.br
308,204506,Titular,MARCOS ANTONIO PEREIRA,Marcos Pereira ,masculino,SP,REPUBLICANOS,04/04/1972,dep.marcospereira@camara.leg.br
309,204409,Titular,DANIEL TRZECIAK DUARTE,Daniel Trzeciak ,masculino,RS,PSDB,04/11/1986,dep.danieltrzeciak@camara.leg.br
310,204507,Titular,CARLA ZAMBELLI SALGADO DE OLIVEIRA,Carla Zambelli ,feminino,SP,PL,03/07/1980,dep.carlazambelli@camara.leg.br
311,204508,Titular,IGOR TARCIANO TIMO,Igor Timo ,masculino,MG,PODE,10/04/1982,dep.igortimo@camara.leg.br
312,204509,Titular,ÁUREA CAROLINA DE FREITAS E SILVA,Áurea Carolina ,feminino,MG,PSOL,20/11/1983,dep.aureacarolina@camara.leg.br
313,204448,Titular,LUIZ ANTONIO C. C. CORRÊA DA SILVA,Luiz Antônio Corrêa ,masculino,RJ,PP,27/12/1940,dep.luizantoniocorrea@camara.leg.br
314,204510,Titular,FRANCO CARTAFINA GOMES,Franco Cartafina ,masculino,MG,PP,03/11/1986,dep.francocartafina@camara.leg.br
315,204449,Titular,NELSON NED PREVIDENTE,Nelson Barbudo ,masculino,MT,PL,14/02/1960,dep.nelsonbarbudo@camara.leg.br
316,204511,Titular,DAVID BEZERRA RIBEIRO SOARES,David Soares ,masculino,SP,UNIÃO,21/12/1973,dep.davidsoares@camara.leg.br
317,204450,Titular,LUIZ ANTONIO DE SOUZA TEIXEIRA JÚNIOR,Dr. Luiz Antonio Teixeira Jr. ,masculino,RJ,PP,15/12/1973,dep.dr.luizantonioteixeirajr@camara.leg.br
318,204451,Titular,ANTÔNIO DA LUZ FURTADO,Delegado Antônio Furtado ,masculino,RJ,UNIÃO,06/01/1972,dep.delegadoantoniofurtado@camara.leg.br
319,204366,Titular,RODRIGO COELHO,Rodrigo Coelho ,masculino,SC,PODE,29/06/1980,dep.rodrigocoelho@camara.leg.br
320,204432,Titular,MARINA SANTOS BATISTA DIAS,Marina Santos ,feminino,PI,REPUBLICANOS,13/09/1980,dep.marinasantos@camara.leg.br
321,204452,Titular,MÁRCIO DA SILVEIRA LABRE,Márcio Labre ,masculino,RJ,PL,27/02/1974,dep.marciolabre@camara.leg.br
322,204512,Titular,MARCELO EDUARDO FREITAS,Delegado Marcelo Freitas ,masculino,MG,UNIÃO,04/03/1976,dep.delegadomarcelofreitas@camara.leg.br
323,204367,Titular,DANIEL COSTA DE FREITAS,Daniel Freitas ,masculino,SC,PL,03/04/1982,dep.danielfreitas@camara.leg.br
324,204426,Titular,JOSÉ CARLOS VERAS DOS SANTOS,Carlos Veras ,masculino,PE,PT,10/08/1981,dep.carlosveras@camara.leg.br
325,204368,Titular,FÁBIO LUIZ SCHIOCHET FILHO,Fabio Schiochet ,masculino,SC,UNIÃO,31/05/1988,dep.fabioschiochet@camara.leg.br
326,204513,Titular,JOSÉ GUILHERME NEGRÃO PEIXOTO,Guiga Peixoto ,masculino,SP,PSC,13/11/1961,dep.guigapeixoto@camara.leg.br
327,204427,Titular,FERNANDO RODOLFO TENORIO DE VASCONCELOS,Fernando Rodolfo ,masculino,PE,PL,17/11/1983,dep.fernandorodolfo@camara.leg.br
328,204514,Titular,MARCIO TADEU ANHAIA DE LEMOS,Coronel Tadeu ,masculino,SP,PL,30/09/1965,dep.coroneltadeu@camara.leg.br
329,204428,Titular,MARÍLIA VALENÇA ROCHA ARRAES DE ALENCAR,Marília Arraes ,feminino,PE,PT,12/04/1984,dep.mariliaarraes@camara.leg.br
330,204453,Titular,NATÁLIA BASTOS BONAVIDES,Natália Bonavides ,feminino,RN,PT,15/06/1988,dep.nataliabonavides@camara.leg.br
331,204454,Titular,DANIEL LUCIO DA SILVEIRA,Daniel Silveira ,masculino,RJ,PTB,25/11/1982,dep.danielsilveira@camara.leg.br
332,204410,Titular,LUISA CANZIANI DOS SANTOS SILVEIRA,Luisa Canziani ,feminino,PR,PSD,11/04/1996,dep.luisacanziani@camara.leg.br
333,204411,Titular,FILIPE BARROS BAPTISTA DE TOLEDO RIBEIRO,Filipe Barros ,masculino,PR,PL,29/05/1991,dep.filipebarros@camara.leg.br
334,204369,Titular,CAROLINE RODRIGUES DE TONI,Caroline de Toni ,feminino,SC,PL,01/09/1986,dep.carolinedetoni@camara.leg.br
335,204515,Titular,ANDRE LUIS GASPAR JANONES,André Janones ,masculino,MG,AVANTE,05/05/1984,dep.andrejanones@camara.leg.br
336,204516,Titular,Alexis Joseph Steverlynck Fonteyne,Alexis Fonteyne ,masculino,SP,NOVO,19/08/1967,dep.alexisfonteyne@camara.leg.br
337,179587,Titular,VITOR HUGO DE ARAUJO ALMEIDA,Vitor Hugo ,masculino,GO,PL,31/05/1977,dep.vitorhugo@camara.leg.br
338,204517,Titular,JOSE VITOR DE RESENDE AGUIAR,Zé Vitor ,masculino,MG,PL,01/11/1984,dep.zevitor@camara.leg.br
339,204518,Titular,FREDERICO DE CASTRO ESCALEIRA,Dr. Frederico ,masculino,MG,PATRIOTA,24/03/1977,dep.dr.frederico@camara.leg.br
340,204519,Titular,TIAGO LIMA MITRAUD DE CASTRO LEITE,Tiago Mitraud ,masculino,MG,NOVO,15/08/1986,dep.tiagomitraud@camara.leg.br
341,204520,Titular,GERALDO JUNIO DO AMARAL,Junio Amaral ,masculino,MG,PL,30/06/1987,dep.junioamaral@camara.leg.br
342,204455,Titular,LUIZ EDUARDO CARNEIRO DA SILVA DE SOUZA LIMA,Luiz Lima ,masculino,RJ,PL,10/12/1977,dep.luizlima@camara.leg.br
343,204456,Titular,GUTEMBERG REIS DE OLIVEIRA,Gutemberg Reis ,masculino,RJ,MDB,09/09/1979,dep.gutembergreis@camara.leg.br
344,204457,Titular,ROGERIO TEIXEIRA JUNIOR,Juninho do Pneu ,masculino,RJ,UNIÃO,23/10/1976,dep.juninhodopneu@camara.leg.br
345,204458,Titular,FABIANA SILVA DE SOUZA,Major Fabiana ,feminino,RJ,PL,09/01/1980,dep.majorfabiana@camara.leg.br
346,204459,Titular,DANIELA MOTE DE SOUZA CARNEIRO,Daniela do Waguinho ,feminino,RJ,UNIÃO,10/02/1976,dep.danieladowaguinho@camara.leg.br
347,204521,Titular,PAULO SERGIO ABOU ANNI,Abou Anni ,masculino,SP,UNIÃO,06/11/1966,dep.abouanni@camara.leg.br
348,204522,Titular,MARCO AURELIO BERTAIOLLI,Marco Bertaiolli ,masculino,SP,PSD,30/04/1968,dep.marcobertaiolli@camara.leg.br
349,204523,Titular,LUCAS DE VASCONCELOS GONZALEZ,Lucas Gonzalez ,masculino,MG,NOVO,21/12/1988,dep.lucasgonzalez@camara.leg.br
350,204460,Titular,Carlos Roberto Coelho de Mattos Júnior,Carlos Jordy ,masculino,RJ,PL,08/02/1982,dep.carlosjordy@camara.leg.br
351,204461,Titular,PAULO GUSTAVO GANIME ALVES TEIXEIRA,Paulo Ganime ,masculino,RJ,NOVO,19/04/1983,dep.pauloganime@camara.leg.br
352,204462,Titular,CHRISTINE NOGUEIRA DOS REIS TONIETTO,Chris Tonietto ,feminino,RJ,PL,14/05/1991,dep.christonietto@camara.leg.br
353,204524,Titular,ANTÔNIO PINHEIRO NETO,Pinheirinho ,masculino,MG,PP,30/05/1991,dep.pinheirinho@camara.leg.br
354,204525,Titular,ROSANA DE OLIVEIRA VALLE,Rosana Valle ,feminino,SP,PL,08/05/1969,dep.rosanavalle@camara.leg.br
355,204464,Titular,TALIRIA PETRONE SOARES,Talíria Petrone ,feminino,RJ,PSOL,09/04/1985,dep.taliriapetrone@camara.leg.br
356,204412,Titular,ZACARIAS CALIL HAMU,Dr. Zacharias Calil ,masculino,GO,UNIÃO,05/11/1953,dep.dr.zachariascalil@camara.leg.br
357,204526,Titular,LUIZ PHILIPPE DE ORLEANS BRAGANÇA,Luiz Philippe de Orleans e Bragança ,masculino,SP,PL,03/04/1969,dep.luizphilippedeorleansebraganca@camara.leg.br
358,204527,Titular,EUGENIO JOSÉ ZULIANI,Geninho Zuliani ,masculino,SP,UNIÃO,13/01/1976,dep.geninhozuliani@camara.leg.br
359,204370,Titular,CELIO ALVES DE MOURA,Célio Moura ,masculino,TO,PT,13/08/1953,dep.celiomoura@camara.leg.br
360,204528,Titular,ADRIANA MIGUEL VENTURA,Adriana Ventura ,feminino,SP,NOVO,06/03/1969,dep.adrianaventura@camara.leg.br
361,204371,Titular,FELIPE RIGONI LOPES,Felipe Rigoni ,masculino,ES,UNIÃO,13/06/1991,dep.feliperigoni@camara.leg.br
362,204413,Titular,ALCIDES RODRIGUES FILHO,Alcides Rodrigues ,masculino,GO,PATRIOTA,08/10/1950,dep.alcidesrodrigues@camara.leg.br
363,204466,Titular,TEREZA NELMA DA SILVA PORTO VIANA SOARES,Tereza Nelma ,feminino,AL,PSD,07/10/1957,dep.terezanelma@camara.leg.br
364,204372,Titular,JULIO CESAR RIBEIRO,Julio Cesar Ribeiro ,masculino,DF,REPUBLICANOS,24/02/1975,dep.juliocesarribeiro@camara.leg.br
365,204529,Titular,KATIA DA SILVA SASTRE,Policial Katia Sastre ,feminino,SP,PL,04/04/1976,dep.policialkatiasastre@camara.leg.br
366,204414,Titular,JOSE AROLDO SOUZA MARTINS,Aroldo Martins ,masculino,PR,REPUBLICANOS,03/07/1961,dep.aroldomartins@camara.leg.br
367,204373,Titular,HÉLIO FRANCISCO DA COSTA,Hélio Costa ,masculino,SC,PSD,03/03/1954,dep.heliocosta@camara.leg.br
368,204530,Titular,RODRIGO ANTONIO DE AGOSTINHO MENDONÇA,Rodrigo Agostinho ,masculino,SP,PSB,12/12/1977,dep.rodrigoagostinho@camara.leg.br
369,204467,Titular,ROSA NEIDE SANDES DE ALMEIDA,Professora Rosa Neide ,feminino,MT,PT,08/08/1963,dep.professorarosaneide@camara.leg.br
370,204531,Titular,GUILHERME MURARO DERRITE,Capitão Derrite,masculino,SP,PL,10/10/1984,dep.capitaoderrite@camara.leg.br
371,204468,Titular,JOENIA BATISTA DE CARVALHO,Joenia Wapichana ,feminino,RR,REDE,20/04/1973,dep.joeniawapichana@camara.leg.br
372,135054,Titular,CRISTIANO DUTRA VALE,Cristiano Vale ,masculino,PA,PP,10/04/1970,dep.cristianovale@camara.leg.br
373,204532,Titular,VINICIUS LAZZER POIT,Vinicius Poit ,masculino,SP,NOVO,31/01/1986,dep.viniciuspoit@camara.leg.br
374,204415,Titular,NEREU CRISPIM,Nereu Crispim ,masculino,RS,PSD,21/07/1963,dep.nereucrispim@camara.leg.br
375,204533,Titular,ANTONIO IDILVAN DE LIMA ALENCAR,Idilvan Alencar ,masculino,CE,PDT,23/09/1968,dep.idilvanalencar@camara.leg.br
376,204374,Titular,BEATRIZ KICIS TORRENTS DE SORDI,Bia Kicis ,feminino,DF,PL,19/09/1961,dep.biakicis@camara.leg.br
377,204534,Titular,TABATA CLAUDIA AMARAL DE PONTES,Tabata Amaral ,feminino,SP,PSB,14/11/1993,dep.tabataamaral@camara.leg.br
378,204535,Titular,SAMIA DE SOUZA BOMFIM,Sâmia Bomfim ,feminino,SP,PSOL,22/08/1989,dep.samiabomfim@camara.leg.br
379,204536,Titular,KIM PATROCA KATAGUIRI,Kim Kataguiri ,masculino,SP,UNIÃO,28/01/1996,dep.kimkataguiri@camara.leg.br
380,109429,Titular,LUIZ BENES LEOCADIO DE ARAUJO,Benes Leocádio ,masculino,RN,UNIÃO,22/04/1966,dep.benesleocadio@camara.leg.br
381,204471,Titular,CYLMARA FERNANDES DA ROCHA GRIPP,Mara Rocha ,feminino,AC,MDB,04/09/1973,dep.mararocha@camara.leg.br
382,68720,Titular,FABIO HENRIQUE SANTANA DE CARVALHO,Fábio Henrique ,masculino,SE,UNIÃO,19/06/1972,dep.fabiohenrique@camara.leg.br
383,204472,Titular,JOSE ANTONIO DOS SANTOS MEDEIROS,José Medeiros ,masculino,MT,PL,19/03/1970,dep.josemedeiros@camara.leg.br
384,204375,Titular,LEDA MARIA SADALA BRITO,Leda Sadala ,feminino,AP,PP,11/06/1966,dep.ledasadala@camara.leg.br
385,204537,Titular,ENRICO VAN BLARCUM DE GRAAFF MISASI,Enrico Misasi ,masculino,SP,MDB,06/08/1994,dep.enricomisasi@camara.leg.br
386,204473,Titular,ELIÉSER GIRÃO MONTEIRO FILHO,General Girão ,masculino,RN,PL,08/05/1955,dep.generalgirao@camara.leg.br
387,204538,Titular,PAULO EDUARDO MAESTRI BENGTSON,Paulo Bengtson ,masculino,PA,PTB,06/01/1974,dep.paulobengtson@camara.leg.br
388,204539,Titular,HERCÍLIO ARAÚJO DINIZ FILHO,Hercílio Coelho Diniz ,masculino,MG,MDB,14/09/1963,dep.herciliocoelhodiniz@camara.leg.br
389,204474,Titular,JUAREZ ALVES DA COSTA,Juarez Costa ,masculino,MT,MDB,20/01/1960,dep.juarezcosta@camara.leg.br
390,204376,Titular,LUIZ ARMANDO SCHROEDER REIS,Coronel Armando ,masculino,SC,PL,23/06/1957,dep.coronelarmando@camara.leg.br
391,204416,Titular,UBIRATAN ANTUNES SANDERSON,Sanderson ,masculino,RS,PL,01/12/1969,dep.sanderson@camara.leg.br
392,121948,Titular,ADRIANO ANTÔNIO AVELAR,Adriano do Baldy ,masculino,GO,PP,06/09/1969,dep.adrianodobaldy@camara.leg.br
393,204418,Titular,LUIZ GOULARTE ALVES,Luizão Goulart ,masculino,PR,SOLIDARIEDADE,06/06/1962,dep.luizaogoulart@camara.leg.br
394,204377,Titular,PAULA MORENO PARO BELMONTE,Paula Belmonte ,feminino,DF,CIDADANIA,23/06/1973,dep.paulabelmonte@camara.leg.br
395,204419,Titular,GLAUSKSTON BATISTA RIOS,Glaustin da Fokus,masculino,GO,PSC,22/12/1973,dep.glaustindafokus@camara.leg.br
396,204540,Titular,MARIA DO PARTO MENDES ROSAS,Maria Rosas ,feminino,SP,REPUBLICANOS,01/10/1965,dep.mariarosas@camara.leg.br
397,204541,Titular,EDUARDO HENRIQUE MAIA BISMARCK,Eduardo Bismarck ,masculino,CE,PDT,14/11/1981,dep.eduardobismarck@camara.leg.br
398,204420,Titular,GULLIEM CHARLES BEZERRA LEMOS,Julian Lemos ,masculino,PB,UNIÃO,05/01/1976,dep.julianlemos@camara.leg.br
399,204542,Titular,DENIS ANDERSON DA ROCHA BEZERRA,Denis Bezerra ,masculino,CE,PSB,17/03/1980,dep.denisbezerra@camara.leg.br
400,204475,Titular,JOSE OTACI BARROSO DO NASCIMENTO,Ottaci Nascimento,masculino,RR,SOLIDARIEDADE,18/08/1977,dep.ottacinascimento@camara.leg.br
401,204378,Titular,JOAO CHRISÓSTOMO DE MOURA,Coronel Chrisóstomo ,masculino,RO,PL,23/06/1959,dep.coronelchrisostomo@camara.leg.br
402,204379,Titular,ACÁCIO DA SILVA FAVACHO NETO,Acácio Favacho ,masculino,AP,MDB,28/09/1983,dep.acaciofavacho@camara.leg.br
403,204476,Titular,JOÃO FRANCISCO INÁCIO BRAZÃO,Chiquinho Brazão ,masculino,RJ,UNIÃO,22/02/1962,dep.chiquinhobrazao@camara.leg.br
404,204544,Titular,ALEXANDRE FROTA DE ANDRADE,Alexandre Frota ,masculino,SP,PSDB,14/10/1963,dep.alexandrefrota@camara.leg.br
405,204545,Titular,ALESSANDRA DA SILVA,Alê Silva ,feminino,MG,REPUBLICANOS,04/07/1974,dep.alesilva@camara.leg.br
406,204380,Titular,CELINA LEAO HIZIM FERREIRA,Celina Leão ,feminino,DF,PP,02/03/1977,dep.celinaleao@camara.leg.br
407,204421,Titular,EDNACE ALVES SILVESTRE HENRIQUE,Edna Henrique ,feminino,PB,REPUBLICANOS,04/09/1958,dep.ednahenrique@camara.leg.br
408,81297,Titular,SORAYA DE SOUZA MANNATO,Dra. Soraya Manato ,feminino,ES,PTB,10/03/1961,dep.dra.sorayamanato@camara.leg.br
409,115746,Titular,GELSON DE AZEVEDO ALMEIDA,Gelson Azevedo ,masculino,RJ,PL,10/01/1965,dep.gelsonazevedo@camara.leg.br
410,204546,Titular,JOICE CRISTINA HASSELMANN,Joice Hasselmann ,feminino,SP,PSDB,29/01/1978,dep.joicehasselmann@camara.leg.br
411,204547,Titular,ELIEL MÁRCIO DO CARMO,Léo Motta ,masculino,MG,REPUBLICANOS,26/10/1973,dep.leomotta@camara.leg.br
412,90201,Titular,PEDRO AUGUSTO GEROMEL BEZERRA DE MENEZES,Pedro Augusto Bezerra ,masculino,CE,PDT,11/10/1980,dep.pedroaugustobezerra@camara.leg.br
413,204381,Titular,LUIS CLAUDIO FERNANDES MIRANDA,Luis Miranda ,masculino,DF,REPUBLICANOS,27/03/1980,dep.luismiranda@camara.leg.br
414,204477,Titular,FELÍCIO LATERÇA DE ALMEIDA,Felício Laterça ,masculino,RJ,PP,26/05/1967,dep.feliciolaterca@camara.leg.br
415,204478,Titular,VINICIUS MEDEIROS FARAH,Vinicius Farah ,masculino,RJ,UNIÃO,21/06/1965,dep.viniciusfarah@camara.leg.br
416,204548,Titular,HEITOR RODRIGO PEREIRA FREIRE,Heitor Freire ,masculino,CE,UNIÃO,08/10/1981,dep.heitorfreire@camara.leg.br
417,204382,Titular,LOESTER CARLOS GOMES DE SOUZA,Loester Trutis ,masculino,MS,PL,21/09/1982,dep.loestertrutis@camara.leg.br
418,204383,Titular,ISRAEL MATOS BATISTA,Professor Israel Batista ,masculino,DF,PSB,02/05/1982,dep.professorisraelbatista@camara.leg.br
419,204549,Titular,ANTONIO JOSE AGUIAR ALBUQUERQUE,AJ Albuquerque,masculino,CE,PP,26/09/1983,dep.ajalbuquerque@camara.leg.br
420,204550,Titular,ANTÔNIO LUIZ RODRIGUES MANO JÚNIOR,Júnior Mano ,masculino,CE,PL,16/04/1985,dep.juniormano@camara.leg.br
421,204479,Titular,ANTONIO CARLOS NICOLETTI,Nicoletti ,masculino,RR,UNIÃO,21/07/1981,dep.nicoletti@camara.leg.br
422,73808,Titular,SÉRGIO LUÍS LACERDA BRITO,Sérgio Brito ,masculino,BA,PSD,08/06/1961,dep.sergiobrito@camara.leg.br
423,74090,Titular,ÁTILA SIDNEY LINS ALBUQUERQUE,Átila Lins ,masculino,AM,PSD,22/11/1950,dep.atilalins@camara.leg.br
424,139285,Titular,LÍDICE DA MATA E SOUZA,Lídice da Mata ,feminino,BA,PSB,12/03/1956,dep.lidicedamata@camara.leg.br
425,74537,Titular,CLÁUDIO CAJADO SAMPAIO,Claudio Cajado ,masculino,BA,PP,01/12/1963,dep.claudiocajado@camara.leg.br
426,74554,Titular,JOSÉ ALVES ROCHA,José Rocha ,masculino,BA,UNIÃO,18/08/1948,dep.joserocha@camara.leg.br
427,74356,Titular,SILAS CÂMARA,Silas Câmara ,masculino,AM,REPUBLICANOS,15/12/1962,dep.silascamara@camara.leg.br
428,74141,Titular,JOSIAS GOMES DA SILVA,Josias Gomes ,masculino,BA,PT,14/10/1956,dep.josiasgomes@camara.leg.br
429,74057,Titular,ALICE MAZZUCO PORTUGAL,Alice Portugal ,feminino,BA,PCdoB,16/05/1959,dep.aliceportugal@camara.leg.br
430,74060,Titular,DANIEL GOMES DE ALMEIDA,Daniel Almeida ,masculino,BA,PCdoB,21/01/1955,dep.danielalmeida@camara.leg.br
431,141408,Titular,CLEBER VERDE CORDEIRO MENDES,Cleber Verde ,masculino,MA,REPUBLICANOS,10/05/1972,dep.cleberverde@camara.leg.br
432,141458,Titular,JOÃO CARLOS PAOLILO BACELAR FILHO,João Carlos Bacelar ,masculino,BA,PL,08/10/1972,dep.joaocarlosbacelar@camara.leg.br
433,150418,Titular,MÁRCIO CARLOS MARINHO,Márcio Marinho ,masculino,BA,REPUBLICANOS,12/12/1970,dep.marciomarinho@camara.leg.br
434,160666,Titular,FELIX DE ALMEIDA MENDONÇA JÚNIOR,Félix Mendonça Júnior ,masculino,BA,PDT,29/11/1963,dep.felixmendoncajunior@camara.leg.br
435,160508,Titular,AFONSO BANDEIRA FLORENCE,Afonso Florence ,masculino,BA,PT,15/10/1960,dep.afonsoflorence@camara.leg.br
436,160610,Titular,VALMIR CARLOS DA ASSUNÇÃO,Valmir Assunção ,masculino,BA,PT,17/12/1964,dep.valmirassuncao@camara.leg.br
437,160569,Titular,WALDENOR ALVES PEREIRA FILHO,Waldenor Pereira ,masculino,BA,PT,08/03/1954,dep.waldenorpereira@camara.leg.br
438,160553,Titular,ANTONIO LUIZ PARANHOS RIBEIRO LEITE DE BRITO,Antonio Brito ,masculino,BA,PSD,17/01/1969,dep.antoniobrito@camara.leg.br
439,160600,Titular,ARTHUR DE OLIVEIRA MAIA DA SILVA,Arthur Oliveira Maia ,masculino,BA,UNIÃO,17/08/1964,dep.arthuroliveiramaia@camara.leg.br
440,204551,Titular,JOÃO BOSCO GOMES SARAIVA,Bosco Saraiva ,masculino,AM,SOLIDARIEDADE,10/10/1959,dep.boscosaraiva@camara.leg.br
441,204553,Titular,MANOEL ISIDORIO DE SANTANA JUNIOR,Pastor Sargento Isidório ,masculino,BA,AVANTE,28/07/1962,dep.pastorsargentoisidorio@camara.leg.br
442,93083,Titular,CARLOS FELIPE VAZQUEZ DE SOUZA LEÃO,Cacá Leão ,masculino,BA,PP,03/11/1979,dep.cacaleao@camara.leg.br
443,178854,Titular,ELMAR JOSE VIEIRA NASCIMENTO,Elmar Nascimento ,masculino,BA,UNIÃO,06/07/1970,dep.elmarnascimento@camara.leg.br
444,69871,Titular,JOAO CARLOS BACELAR BATISTA,Bacelar ,masculino,BA,PV,09/07/1957,dep.bacelar@camara.leg.br
445,178857,Titular,JORGE JOSE SANTOS PEREIRA SOLLA,Jorge Solla ,masculino,BA,PT,11/04/1961,dep.jorgesolla@camara.leg.br
446,178858,Titular,MARIO S. M. NEGROMONTE JR.,Mário Negromonte Jr. ,masculino,BA,PP,31/08/1980,dep.marionegromontejr@camara.leg.br
447,178860,Titular,PAULO VELLOSO DANTAS AZI,Paulo Azi ,masculino,BA,UNIÃO,14/01/1963,dep.pauloazi@camara.leg.br
448,178861,Titular,RONALDO CARLETTO,Ronaldo Carletto ,masculino,BA,PP,05/01/1960,dep.ronaldocarletto@camara.leg.br
449,178863,Titular,ULDURICO ALENCAR PINTO,Uldurico Junior ,masculino,BA,MDB,30/01/1992,dep.ulduricojunior@camara.leg.br
450,178881,Titular,ALUISIO GUIMARAES MENDES FILHO,Aluisio Mendes ,masculino,MA,PSC,11/11/1961,dep.aluisiomendes@camara.leg.br
451,178882,Titular,ANDRE LUIZ CARVALHO RIBEIRO,André Fufuca ,masculino,MA,PP,27/08/1989,dep.andrefufuca@camara.leg.br
452,178884,Titular,HILDO AUGUSTO DA ROCHA NETO,Hildo Rocha ,masculino,MA,MDB,22/04/1960,dep.hildorocha@camara.leg.br
453,178886,Titular,JOSE JUSCELINO DOS SANTOS REZENDE FILHO,Juscelino Filho ,masculino,MA,UNIÃO,06/11/1984,dep.juscelinofilho@camara.leg.br
454,178887,Titular,RUBENS PEREIRA E SILVA JUNIOR,Rubens Pereira Júnior ,masculino,MA,PT,16/03/1984,dep.rubenspereirajunior@camara.leg.br
455,178889,Titular,JOSÉ CARLOS NUNES JÚNIOR,Zé Carlos ,masculino,MA,PT,26/05/1955,dep.zecarlos@camara.leg.br
456,204554,Titular,JOSE ABILIO SILVA DE SANTANA,Abílio Santana ,masculino,BA,PSC,13/02/1965,dep.abiliosantana@camara.leg.br
457,204555,Titular,JOSÉ RICARDO WENDLING,José Ricardo ,masculino,AM,PT,23/06/1964,dep.josericardo@camara.leg.br
458,204556,Titular,MARCELO RAMOS RODRIGUES,Marcelo Ramos ,masculino,AM,PSD,29/08/1973,dep.marceloramos@camara.leg.br
459,204557,Titular,SIDNEY RICARDO DE OLIVEIRA LEITE,Sidney Leite ,masculino,AM,PSD,08/04/1967,dep.sidneyleite@camara.leg.br
460,204558,Titular,JOSÉ MARCELO DO NASCIMENTO NILO,Marcelo Nilo ,masculino,BA,REPUBLICANOS,26/04/1955,dep.marcelonilo@camara.leg.br
461,204559,Titular,JOSÉ CERQUEIRA DE SANTANA NETO,Zé Neto ,masculino,BA,PT,30/03/1964,dep.zeneto@camara.leg.br
462,204560,Titular,ADOLFO VIANA DE CASTRO NETO,Adolfo Viana ,masculino,BA,PSDB,02/02/1981,dep.adolfoviana@camara.leg.br
463,92102,Titular,LEUR ANTONIO DE BRITTO LOMANTO JUNIOR,Leur Lomanto Júnior ,masculino,BA,UNIÃO,28/10/1976,dep.leurlomantojunior@camara.leg.br
464,204561,Titular,UBIRAJARA DO PINDARÉ ALMEIDA SOUSA,Bira do Pindaré ,masculino,MA,PSB,01/11/1968,dep.biradopindare@camara.leg.br
465,204562,Titular,EDILAZIO GOMES DA SILVA JUNIOR,Edilázio Júnior ,masculino,MA,PSD,04/05/1981,dep.edilaziojunior@camara.leg.br
466,204564,Titular,ANDERSON MACHADO DE JESUS,Igor Kannário ,masculino,BA,UNIÃO,29/11/1984,dep.igorkannario@camara.leg.br
467,204565,Titular,DAYANE JAMILLE CARNEIRO DOS SANTOS PIMENTEL,Professora Dayane Pimentel ,feminino,BA,UNIÃO,30/01/1986,dep.professoradayanepimentel@camara.leg.br
468,204566,Titular,ANTONIO DA CRUZ FILGUEIRA NETO,Marreca Filho ,masculino,MA,PATRIOTA,25/04/1992,dep.marrecafilho@camara.leg.br
469,204567,Titular,RAIMUNDO MAGALHÃES COSTA,Raimundo Costa ,masculino,BA,PODE,09/03/1961,dep.raimundocosta@camara.leg.br
470,81055,Titular,MÁRCIO JERRY SARAIVA BARROSO,Márcio Jerry ,masculino,MA,PCdoB,14/11/1966,dep.marciojerry@camara.leg.br
471,204569,Titular,PABLO OLIVA SOUZA,Delegado Pablo ,masculino,AM,UNIÃO,26/07/1976,dep.delegadopablo@camara.leg.br
472,204570,Titular,GILDENEMIR DE LIMA SOUSA,Pastor Gil,masculino,MA,PL,08/11/1971,dep.pastorgil@camara.leg.br
473,204571,Titular,ALEX MARCO SANTANA SOUSA,Alex Santana ,masculino,BA,REPUBLICANOS,22/06/1972,dep.alexsantana@camara.leg.br
474,204572,Titular,ALBERTO BARROS CAVALCANTE NETO,Capitão Alberto Neto ,masculino,AM,PL,05/05/1982,dep.capitaoalbertoneto@camara.leg.br
475,204573,Titular,OTTO ROBERTO MENDONÇA DE ALENCAR FILHO,Otto Alencar Filho ,masculino,BA,PSD,07/07/1977,dep.ottoalencarfilho@camara.leg.br
476,197438,Titular,CARLOS TITO MARQUES CORDEIRO,Tito ,masculino,BA,AVANTE,17/11/1976,dep.tito@camara.leg.br
477,204574,Titular,JOSE LOURENÇO BOMFIM JUNIOR,Junior Lourenço ,masculino,MA,PL,18/10/1978,dep.juniorlourenco@camara.leg.br
478,204575,Titular,GILLIANO FRED NASCIMENTO CUTRIM,Gil Cutrim ,masculino,MA,REPUBLICANOS,26/10/1979,dep.gilcutrim@camara.leg.br
479,204576,Titular,JOÃO INÁCIO RIBEIRO ROMA NETO,João Roma ,masculino,BA,PL,17/11/1972,dep.joaoroma@camara.leg.br
480,122974,Titular,PEDRO LUCAS ANDRADE FERNANDES RIBEIRO,Pedro Lucas Fernandes ,masculino,MA,UNIÃO,01/11/1979,dep.pedrolucasfernandes@camara.leg.br
481,178948,Titular,CARLOS ALBERTO DE SOUSA ROSADO SEGUNDO,Beto Rosado ,masculino,RN,PP,01/02/1982,dep.betorosado@camara.leg.br
482,205476,Titular,CHARLES FERNANDES SILVEIRA SANTANA,Charles Fernandes ,masculino,BA,PSD,15/03/1965,dep.charlesfernandes@camara.leg.br
483,205548,Titular,DAVID MICHAEL DOS SANTOS MIRANDA,David Miranda ,masculino,RJ,PDT,10/05/1985,dep.davidmiranda@camara.leg.br
484,205550,Titular,JORGE BRAZ DE OLIVEIRA ,Jorge Braz ,masculino,RJ,REPUBLICANOS,13/07/1953,dep.jorgebraz@camara.leg.br
485,141552,Suplente,VALTENIR LUIZ PEREIRA,Valtenir Pereira ,masculino,MT,MDB,24/11/1971,dep.valtenirpereira@camara.leg.br
486,209189,Titular,JOSEILDO RIBEIRO RAMOS,Joseildo Ramos ,masculino,BA,PT,23/08/1957,dep.joseildoramos@camara.leg.br
487,74574,Suplente,PAULO SÉRGIO PARANHOS DE MAGALHÃES,Paulo Magalhães ,masculino,BA,PSD,28/11/1952,dep.paulomagalhaes@camara.leg.br
488,188097,Titular,MERLONG SOLANO NOGUEIRA,Merlong Solano ,masculino,PI,PT,17/09/1958,dep.merlongsolano@camara.leg.br
489,74319,Suplente,JOSÉ FRANCISCO PAES LANDIM,Paes Landim ,masculino,PI,UNIÃO,23/03/1937,dep.paeslandim@camara.leg.br
490,178943,Suplente,MARCOS BEZERRA RIBEIRO SOARES,Marcos Soares ,masculino,RJ,UNIÃO,16/05/1978,dep.marcossoares@camara.leg.br
491,128760,Suplente,PAULO CELSO FONSECA MARINHO JÚNIOR,Paulo Marinho Jr ,masculino,MA,PL,09/02/1985,dep.paulomarinhojr@camara.leg.br
492,213274,Titular,RICARDO AUGUSTO MACHADO DA SILVA,Ricardo Silva,masculino,SP,PSD,01/09/1985,dep.ricardosilva@camara.leg.br
493,62881,Titular,FRANCISCO DANILO BASTOS FORTE,Danilo Forte,masculino,CE,UNIÃO,01/09/1958,dep.daniloforte@camara.leg.br
494,213762,Suplente,HILKEA CARLA DE SOUZA MEDEIROS LIMA,Carla Dickson,feminino,RN,UNIÃO,02/07/1976,dep.carladickson@camara.leg.br
495,214477,Suplente,RENATO ANDRADE QUEIROZ,RRenato Queiroz,masculino,RR,PSD,31/12/1983,dep.rrenatoqueiroz@camara.leg.br
496,178825,Titular,LEONARDO CUNHA DE BRITO,Leo de Brito,masculino,AC,PT,13/04/1979,dep.leodebrito@camara.leg.br
497,74165,Titular,NEUCIMAR FERREIRA FRAGA,Neucimar Fraga,masculino,ES,PP,26/06/1966,dep.neucimarfraga@camara.leg.br
498,178844,Titular,PEDRO TORRES BRANDÃO VILELA,Pedro Vilela,masculino,AL,PSDB,01/05/1985,dep.pedrovilela@camara.leg.br
499,215042,Titular,RICARDO CORREA DE BARROS,Ricardo da Karol,masculino,RJ,PDT,27/10/1959,dep.ricardodakarol@camara.leg.br
500,92172,Titular,MILTON COELHO DA SILVA NETO,Milton Coelho,masculino,PE,PSB,21/12/1964,dep.miltoncoelho@camara.leg.br
501,141372,Titular,AELTON JOSÉ DE FREITAS,Aelton Freitas,masculino,MG,PP,15/12/1961,dep.aeltonfreitas@camara.leg.br
502,215043,Titular,JOSIVALDO DOS SANTOS MELO,Josivaldo JP,masculino,MA,PSD,29/11/1983,dep.josivaldojp@camara.leg.br
503,215044,Titular,VIVIANE DA COSTA REIS,Vivi Reis,feminino,PA,PSOL,05/08/1991,dep.vivireis@camara.leg.br
504,215045,Titular,PEDRO AUGUSTO PALARETI,Pedro Augusto Palareti,masculino,RJ,PP,08/05/1963,dep.pedroaugustopalareti@camara.leg.br
505,122195,Suplente,LEONARDO DE MELO GADELHA,Leonardo Gadelha,masculino,PB,PSC,12/05/1975,dep.leonardogadelha@camara.leg.br
506,178935,Titular,VALDIR LUIZ ROSSONI,Rossoni,masculino,PR,PSDB,23/11/1952,dep.rossoni@camara.leg.br
507,217480,Titular,JONES BARBOSA DE MOURA,Jones Moura,masculino,RJ,PSD,16/06/1974,dep.jonesmoura@camara.leg.br
508,73463,Titular,OSMAR JOSÉ SERRAGLIO,Osmar Serraglio,masculino,PR,PP,23/05/1948,dep.osmarserraglio@camara.leg.br
509,218879,Suplente,FRANCISCO NELHO BEZERRA,Nelho Bezerra,masculino,CE,UNIÃO,20/04/1970,dep.nelhobezerra@camara.leg.br
510,178888,Suplente,CARLOS VICTOR GUTERRES MENDES,Victor Mendes,masculino,MA,MDB,22/08/1979,dep.victormendes@camara.leg.br
511,154919,Suplente,ELEUSES VIEIRA DE PAIVA,Eleuses Paiva,masculino,SP,PSD,13/06/1953,dep.eleusespaiva@camara.leg.br
512,160542,Titular,MÁRCIO COSTA MACÊDO,Márcio Macêdo,masculino,SE,PT,18/09/1970,dep.marciomacedo@camara.leg.br
